session_id,participant_id,status,started_datetime,completed_date_time,time_taken,age,num_approvals,num_rejections,prolific_score,reviewed_at_datetime,entered_code,Country of Birth,Current Country of Residence,Employment Status,First Language,Fluent languages,Nationality,Sex,Student Status
5f1da1ff255c766de1b5b0ff,5d30ed6d8e4586001a6e6423,APPROVED,2020-07-26 15:32:28,2020-07-26 15:39:04,396.049,22,50,0,100,2020-07-29 14:28:52,6D154BBD,United Kingdom,United Kingdom,Full-Time,English,English,United Kingdom,Female,Yes
5f1da200e0ebcd012095cb56,5e81cd3f50a9fd000bd6ba50,APPROVED,2020-07-26 15:32:18,2020-07-26 15:36:42,263.436,22,30,0,100,2020-07-29 14:28:54,6D154BBD,Madagascar,France,Full-Time,French,"French, English",Madagascar,Female,No
5f1da22277227002ac60cf38,5eea8ba19d0a1a155a3a67f7,APPROVED,2020-07-26 15:32:54,2020-07-26 15:38:25,331.04,20,21,0,100,2020-07-29 14:28:56,6D154BBD,Greece,Greece,Other,Greek,"English, Greek",Greece,Male,Yes
5f1da22981d5f102b3af2eaa,5ec836e540ce74304ca3e3fe,APPROVED,2020-07-26 15:32:58,2020-07-26 15:37:01,243.305,18,20,0,100,2020-07-29 14:28:58,6D154BBD,Portugal,Portugal,Full-Time,Portuguese,"Portuguese, English",Portugal,Male,Yes
5f1da22a241ae1019c078824,5e21d038f4dbbd4b8d23ac41,APPROVED,2020-07-26 15:32:58,2020-07-26 15:42:04,546.183,23,49,0,100,2020-07-29 14:29:01,6D154BBD,Poland,Poland,Part-Time,Polish,"Polish, English",Poland,Female,Yes
5f1da235e22a3a042cc168e2,5eece10bafca8009a390438a,APPROVED,2020-07-26 15:33:11,2020-07-26 15:36:55,224.099,24,20,0,100,2020-07-29 14:29:03,6D154BBD,United Kingdom,United Kingdom,Full-Time,English,English,United Kingdom,Female,No
5f1da2389746666ddece4a6d,5c9b9a438da9ad001697289c,APPROVED,2020-07-26 15:33:19,2020-07-26 15:40:36,437.535,26,101,1,100,2020-07-29 14:29:05,6D154BBD,Slovenia,Slovenia,Unemployed (and job seeking),Slovenian,"Korean, English, Slovenian",Slovenia,Female,Yes
5f1da2496c0ebc0269b86542,5cacb51dc977f90001fd6eb0,APPROVED,2020-07-26 15:34:17,2020-07-26 15:39:23,306.008,27,60,0,100,2020-07-29 14:29:07,6D154BBD,Slovenia,Slovenia,Unemployed (and job seeking),Slovenian,"English, Slovenian",Slovenia,Female,No
5f1da25758d5c3038c02598f,5d139fca3685ba00018998e1,APPROVED,2020-07-26 15:33:50,2020-07-26 15:38:32,282.145,23,15,0,100,2020-07-29 14:29:09,6D154BBD,Poland,Poland,Unemployed (and job seeking),Polish,"Polish, English",Poland,Male,Yes
5f1da25d8903276d6e2b6a23,5ebade312a57120626f7699a,APPROVED,2020-07-26 15:33:50,2020-07-26 15:38:31,281.17,23,11,0,100,2020-07-29 14:29:11,6D154BBD,Poland,Poland,"Not in paid work (e.g. homemaker', 'retired or disabled)",Polish,"Polish, English",Poland,Male,Yes
5f1da264b44cb728d416812f,5d455ef3f1d31800013cfc33,APPROVED,2020-07-26 15:34:18,2020-07-26 15:44:10,591.937,26,26,0,100,2020-07-29 14:29:13,6D154BBD,Poland,Poland,Full-Time,Polish,"Polish, English",Poland,Female,No
5f1da26db556806e0aadd129,5f06796a24cff61c7b0d0150,APPROVED,2020-07-26 15:34:16,2020-07-26 15:41:35,439.034,18,6,0,100,2020-07-29 14:29:15,6D154BBD,Zimbabwe,United Kingdom,Unemployed (and job seeking),English,English,,,Yes
5f1da2745fdd470755cb0ceb,5ea1f931991e240ff8e3011d,APPROVED,2020-07-26 15:34:12,2020-07-26 15:44:40,627.782,23,38,0,100,2020-07-29 14:29:17,6D154BBD,Italy,Italy,Other,Italian,"English, Italian",Italy,Male,Yes
5f1da278d6e1196ee45d1658,5e97436c4f02b8081a53d8dd,APPROVED,2020-07-26 15:34:16,2020-07-26 15:43:15,538.768,22,20,0,100,2020-07-29 14:29:20,6D154BBD,Portugal,Portugal,Unemployed (and job seeking),Portuguese,"Portuguese, English",Portugal,Female,Yes
5f1da27a862ddc0252bc379a,5eec2fe8b069b0429bee707e,APPROVED,2020-07-26 15:34:21,2020-07-26 15:40:02,341.906,20,12,0,100,2020-07-29 14:29:22,6D154BBD,Israel,Israel,Unemployed (and job seeking),Hebrew,"Hebrew, English",Israel,Male,No
5f1da2833a1838012410d12c,57dd2ba08e00270001b435e2,APPROVED,2020-07-26 15:37:34,2020-07-26 15:45:28,473.307,25,16,0,100,2020-07-29 14:29:24,6D154BBD,India,Finland,Full-Time,Hindi,"English, Hindi",India,Male,Yes
5f1da28cf6dc766e4034d0f5,5ed421bae125990b1bd1ba57,APPROVED,2020-07-26 15:34:41,2020-07-26 15:42:59,497.329,29,30,0,100,2020-07-29 14:29:26,6D154BBD,Poland,Poland,"Not in paid work (e.g. homemaker', 'retired or disabled)",Polish,"English, Polish",Poland,Female,No
5f1da29530ac0b0441885676,5eb29a4e7b27a00180228fbe,APPROVED,2020-07-26 15:34:46,2020-07-26 15:40:59,373.086,18,57,1,100,2020-07-29 14:29:28,6D154BBD,Poland,Poland,Unemployed (and job seeking),Polish,"English, Polish",Poland,Male,Yes
5f1da299e8cd9a6ec36577f0,5bfe8eadf0d754000185f459,APPROVED,2020-07-26 15:34:56,2020-07-26 15:40:13,316.7,21,104,1,100,2020-07-29 14:29:30,6D154BBD,Poland,Poland,Unemployed (and job seeking),Polish,"English, Polish",Poland,Male,Yes
5f1da2a05eec2229d2c94bc9,5ba8c9ea168e5e0001e4ab6a,APPROVED,2020-07-26 15:35:00,2020-07-26 15:38:24,203.702,32,149,0,100,2020-07-29 14:29:32,6D154BBD,United Kingdom,United Kingdom,Full-Time,English,English,United Kingdom,Male,No
5f1da2a06f7d7f6e3a703ce0,5e95f879f4d19b04d6187052,APPROVED,2020-07-26 15:35:15,2020-07-26 15:43:22,487.944,33,55,0,100,2020-07-29 14:29:34,6D154BBD,Poland,Poland,Full-Time,Polish,"English, Polish",Poland,Male,No
5f1da2adc983146ccd7ac115,5e64cb18af3bd523f3ffae94,APPROVED,2020-07-26 15:35:30,2020-07-26 15:41:18,347.358,25,22,1,97,2020-07-29 14:29:37,6D154BBD,Hungary,Hungary,Full-Time,Hungarian,"English, Hungarian",Hungary,Male,No
5f1da2b29c44726e6f80bab5,5d49217b20a7c00018ab9ca9,APPROVED,2020-07-26 15:35:49,2020-07-26 15:42:03,374.893,24,93,1,100,2020-07-29 14:29:39,6D154BBD,Hungary,Hungary,Full-Time,Hungarian,"English, Hungarian",Hungary,Female,Yes
5f1da2b2e891116deb4903f0,5cd00327e2b4370017255ecc,APPROVED,2020-07-26 15:35:20,2020-07-26 15:41:27,366.562,34,38,2,98,2020-07-29 14:29:41,6D154BBD,Finland,Finland,"Not in paid work (e.g. homemaker', 'retired or disabled)",Finnish,"Finnish, English",Finland,Male,Yes
5f1da2c59de7846e8e223be2,5d76c2d935227b0019dc57e8,APPROVED,2020-07-26 15:35:33,2020-07-26 15:43:28,474.891,21,121,0,100,2020-07-29 14:29:44,6D154BBD,Portugal,Portugal,Other,Portuguese,"English, Portuguese",Portugal,Male,Yes
5f1da2ccaaffd76d0be19c9e,5e919c1eee21a74cf6ee3bb5,APPROVED,2020-07-26 15:37:01,2020-07-26 15:45:40,519.248,29,43,0,100,2020-07-29 14:29:46,6D154BBD,South Africa,South Africa,Full-Time,English,English,South Africa,Female,No
5f1da2d10069ec0132c12b2a,5ebc52c5fbfc4c08b2fcb8c0,APPROVED,2020-07-26 15:35:45,2020-07-26 16:05:52,1807.18,19,38,0,100,2020-07-29 14:29:48,6D154BBD,United Kingdom,United Kingdom,Other,English,English,United Kingdom,Female,Yes
5f1da2d28e854f01ec1a07eb,5ed6cb1765948612cc4ad5fb,APPROVED,2020-07-26 15:35:47,2020-07-26 15:41:12,325.222,19,25,0,100,2020-07-29 14:29:50,6D154BBD,Portugal,Portugal,Full-Time,Portuguese,"English, Portuguese",Portugal,Male,Yes
5f1da2de31d76a012e033dfe,5eceffdf967c2c3253abc56c,APPROVED,2020-07-26 15:35:58,2020-07-26 15:47:52,713.975,20,12,0,100,2020-07-29 14:29:52,6D154BBD,Mexico,Mexico,Part-Time,Spanish,"English, Spanish",Mexico,Male,Yes
5f1da2deb6464a6c285aff21,5e2c54977916f02702a0ea25,APPROVED,2020-07-26 15:35:59,2020-07-26 15:40:12,253.124,21,22,1,99,2020-07-29 14:29:54,6D154BBD,Belgium,Belgium,Unemployed (and job seeking),English,"Dutch, English",Belgium,Male,No
5f1da2e4d29e116edf25c1e8,5ec2db0025710a10cf4966ec,APPROVED,2020-07-26 15:36:04,2020-07-26 15:47:46,701.967,22,32,0,100,2020-07-29 14:29:56,6D154BBD,Portugal,Portugal,Full-Time,Portuguese,"Portuguese, English",Portugal,Male,Yes
5f1da2e604cc4e6e5a7a2dfe,5aeab425f00c7f00018f74d0,APPROVED,2020-07-26 15:36:07,2020-07-26 15:44:52,525.25,22,100,0,100,2020-07-29 14:29:59,6D154BBD,Spain,Spain,Part-Time,Spanish,"English, Spanish",Spain,Female,Yes
5f1da2efc983146d243a9ea8,5d52f8d73826ad0019fb15ad,APPROVED,2020-07-26 15:36:15,2020-07-26 16:06:37,1822.099,32,97,1,100,2020-07-29 14:30:04,6D154BBD,Czech Republic,Czech Republic,Full-Time,Czech,"Czech, English",Czech Republic,Female,No
5f1da2ef9de7846e322aaaa1,5e455ad0703c9403276f7872,APPROVED,2020-07-26 15:36:20,2020-07-26 15:44:52,512.735,31,87,0,100,2020-07-29 14:30:01,6D154BBD,"Venezuela, Bolivarian Republic of",Spain,Unemployed (and job seeking),English,"Spanish, English","Venezuela, Bolivarian Republic of",Female,Yes
5f1da2f0e6b3e90375f17687,5c0436f3d30e3200016dcd72,APPROVED,2020-07-26 15:36:23,2020-07-26 15:42:22,359.528,23,87,0,100,2020-07-29 14:30:06,6D154BBD,Canada,Canada,Full-Time,English,"French, English",Canada,Female,No
5f1da2f88e854f01ec1a07ec,5e848d5ec880ee02fbba41b0,APPROVED,2020-07-26 15:36:25,2020-07-26 15:44:16,470.953,21,47,0,100,2020-07-29 14:30:08,6D154BBD,Portugal,,Other,Portuguese,"Portuguese, English",Portugal,Male,Yes
5f1da2f961978001dbef5177,5c88160f392ce000143ee1db,APPROVED,2020-07-26 15:36:26,2020-07-26 15:40:42,256.051,20,152,0,100,2020-07-29 14:30:10,6D154BBD,Portugal,Portugal,Unemployed (and job seeking),Portuguese,"Spanish, English, Portuguese",Portugal,Male,Yes
5f1da2fde5235103bd4c225b,5d62a36c6da6c6001af091ca,APPROVED,2020-07-26 15:36:30,2020-07-26 15:41:36,306.199,23,147,1,100,2020-07-29 14:30:13,6D154BBD,Italy,Italy,Full-Time,Italian,"English, Italian",Italy,Male,Yes
5f1da300a348186e9cf2e857,5e86dbfc6eb6d1000923b5fa,APPROVED,2020-07-26 15:36:32,2020-07-26 15:40:10,217.971,20,60,1,100,2020-07-29 14:30:16,6D154BBD,United Kingdom,Poland,Full-Time,English,"English, Polish",United Kingdom,Male,Yes
5f1da3051a34ed6e91959ce4,5efe0e8af7e5db2c341d5997,APPROVED,2020-07-26 15:36:44,2020-07-26 15:45:19,515.622,18,6,0,100,2020-07-29 14:30:18,6D154BBD,Canada,Canada,Unemployed (and job seeking),English,"English, French",Canada,Male,Yes
5f1da31967c71902b2bad34d,5f102c2298c5b110c443d4cd,APPROVED,2020-07-26 15:37:06,2020-07-26 15:40:11,185.126,31,4,0,100,2020-07-29 14:30:20,6D154BBD,United Kingdom,United Kingdom,"Not in paid work (e.g. homemaker', 'retired or disabled)",English,English,United Kingdom,Female,Yes
5f1da31c87ef9d6dc50e2fec,5bf5a96621b91000019e8111,APPROVED,2020-07-26 15:37:04,2020-07-26 15:48:48,704.111,36,162,2,100,2020-07-29 14:30:22,6D154BBD,"Venezuela, Bolivarian Republic of",Spain,Full-Time,Spanish,"Spanish, English","Venezuela, Bolivarian Republic of",Female,No
5f1da324ad82c06de38e56c5,5c07e12a9ad1090001236fe8,APPROVED,2020-07-26 15:37:54,2020-07-26 15:42:40,286.381,20,48,1,100,2020-07-29 14:30:24,6D154BBD,Poland,Poland,Other,Polish,"Polish, English",Poland,Male,Yes
5f1da328120a7229475e4ddc,5ec007983a395b058934d62e,APPROVED,2020-07-26 15:37:19,2020-07-26 15:45:36,497.312,22,9,0,100,2020-07-29 14:30:26,6D154BBD,Poland,Poland,Unemployed (and job seeking),English,"English, Polish, Spanish",Poland,Male,Yes
5f1da32a58d5c303e513c30e,5dda8c4ab48da39e04a2f1d2,RETURNED,2020-07-26 15:37:19,,336527.772,39,30,0,100,,,CONSENT REVOKED,CONSENT REVOKED,CONSENT REVOKED,CONSENT REVOKED,CONSENT REVOKED,CONSENT REVOKED,CONSENT REVOKED,CONSENT REVOKED
5f1da331241ae10009f47a19,5e848a9c952da7000a441eaf,APPROVED,2020-07-26 15:37:21,2020-07-26 15:44:24,422.62,27,41,0,100,2020-07-29 14:30:28,6D154BBD,Pakistan,Italy,Unemployed (and job seeking),Pashto,"English, Italian, Pashto, Urdu",Pakistan,Male,No
5f1da333c983146dad066345,5f01af6c3ea844304c1c13b4,APPROVED,2020-07-26 15:37:27,2020-07-26 16:03:36,1568.84,31,6,0,100,2020-07-29 14:30:31,6D154BBD,Haiti,Canada,Part-Time,French,"English, French",Haiti,Female,Yes
5f1da334b5be4b01e275f0d8,5c651d9cafd3e20001f5a210,APPROVED,2020-07-26 15:37:31,2020-07-26 15:42:54,323.96,20,49,0,100,2020-07-29 14:30:33,6D154BBD,Canada,Canada,Other,English,English,Canada,Female,Yes
5f1da334608b816ebca34600,5eb4181452ea8022fa26f592,REJECTED,2020-07-26 15:37:28,2020-07-26 15:38:40,72.79,21,38,1,99,2020-07-29 13:46:21,6D154BBD,Spain,Spain,Full-Time,Spanish,"English, Italian, Spanish",Spain,Male,Yes
5f1da33867c71901e5da3a3e,5f11ad6af6546b04abdba29f,APPROVED,2020-07-26 15:37:32,2020-07-26 15:46:47,554.282,23,7,0,100,2020-07-29 14:30:35,6D154BBD,Belarus,Poland,Full-Time,Russian,"Belarusian, English, Polish, Russian",Belarus,Male,Yes
5f1da33b1624d66f97f95165,5db0588f2fbdc6001a2be11f,APPROVED,2020-07-26 15:37:31,2020-07-26 15:50:02,750.847,22,120,0,100,2020-07-29 14:30:38,6D154BBD,Portugal,Portugal,Other,Portuguese,"Portuguese, English, Spanish",Portugal,Female,Yes
5f1da33fed2efa6ea5fc547b,5eb52f7dec54903aaaea2a74,APPROVED,2020-07-26 15:37:38,2020-07-26 15:48:36,658.107,23,35,0,100,2020-07-29 14:30:42,6D154BBD,South Africa,United Kingdom,Full-Time,English,"Afrikaans, English",United Kingdom,Female,No
5f1da33f87ef9d6e4a347252,5ec6c5fabd8f960f0c407b91,APPROVED,2020-07-26 15:37:36,2020-07-26 15:46:33,537.931,21,34,0,100,2020-07-29 14:30:40,6D154BBD,Morocco,Canada,Other,English,"Arabic, English, French",Canada,Female,Yes
5f1da340b7125501e5884adc,5e4c3b4c67928808dcaa3bbe,APPROVED,2020-07-26 15:37:36,2020-07-26 15:41:54,258.093,21,61,1,100,2020-07-29 14:30:44,6D154BBD,Spain,Spain,Unemployed (and job seeking),Spanish,"English, Spanish",Spain,Male,Yes
5f1da344d3db3c2a15ef5142,5e86c11942701c2ffda5d113,APPROVED,2020-07-26 15:37:40,2020-07-26 15:47:34,593.97,67,39,0,100,2020-07-29 14:30:46,6D154BBD,Canada,Canada,"Not in paid work (e.g. homemaker', 'retired or disabled)",English,English,Canada,Male,No
5f1da348d5dc046cf61df5a0,5ee35c6668a0910298cd9a78,APPROVED,2020-07-26 15:37:44,2020-07-26 15:41:05,201.216,18,8,0,100,2020-07-29 14:30:48,6D154BBD,Poland,Poland,Full-Time,Polish,"Polish, English",Poland,Male,Yes
5f1da34a112d026da957901c,5f02e84b5f3481192569a5c2,APPROVED,2020-07-26 15:37:50,2020-07-26 15:41:52,242.757,19,5,0,100,2020-07-29 14:30:50,6D154BBD,Italy,Italy,Other,Italian,"English, Italian",Italy,Female,Yes
5f1da34bd9d9be6f794790d9,5eb3a734d249ac18a413063a,APPROVED,2020-07-26 15:37:55,2020-07-26 15:48:07,611.931,45,14,0,100,2020-07-29 14:30:52,6D154BBD,South Africa,,Full-Time,Afrikaans,"Afrikaans, English",South Africa,Male,Yes
5f1da34cd059f96e06416f18,5ed3ca10d793c9367bb25559,APPROVED,2020-07-26 15:37:50,2020-07-26 15:46:35,525.157,18,11,1,96,2020-07-29 14:30:54,6D154BBD,United Kingdom,United Kingdom,Other,English,English,Lebanon,Female,Yes
5f1da34eb42e406ecf078491,5ee8f1756f6ba90cc873a9a9,APPROVED,2020-07-26 15:37:51,2020-07-26 16:10:26,1954.761,28,25,0,100,2020-07-29 14:30:56,6D154BBD,Poland,Poland,Full-Time,Polish,"English, Polish",Poland,Male,No
5f1da34fa294fd0249c95f1e,5daec9633990ed0014564662,APPROVED,2020-07-26 15:37:55,2020-07-26 15:47:26,570.115,27,136,2,100,2020-07-29 14:31:01,6D154BBD,Spain,Spain,Unemployed (and job seeking),Spanish,"Spanish, English",Spain,Female,No
5f1da34f9746666ddece4a70,5bd1ec5c1ce249000104890b,APPROVED,2020-07-26 15:37:56,2020-07-26 15:45:39,463.361,20,116,8,93,2020-07-29 14:30:58,6D154BBD,Poland,Poland,Full-Time,Polish,English,Poland,Male,Yes
5f1da351c983146ccd7ac118,5ebeeee819e5db2afa954e4d,APPROVED,2020-07-26 15:37:53,2020-07-26 15:44:33,400.01,25,63,0,100,2020-07-29 14:31:03,6D154BBD,United Kingdom,United Kingdom,Full-Time,English,English,United Kingdom,Male,No
5f1da352e0ba326d8ac5992a,5bf587d07b47600001769ac4,APPROVED,2020-07-26 15:38:26,2020-07-26 15:45:37,430.784,30,246,0,100,2020-07-29 14:31:07,6D154BBD,Norway,United Kingdom,Full-Time,Norwegian,"Norwegian, English, Danish, Swedish",Norway,Female,No
5f1da352103c91037c4ef763,5ef3491c520ed90725687481,APPROVED,2020-07-26 15:37:55,2020-07-26 15:45:04,428.839,33,15,0,100,2020-07-29 14:31:05,6D154BBD,Italy,Italy,Unemployed (and job seeking),Italian,"English, Italian",Italy,Female,No
5f1da3537881236e9772d0fc,5ea4bfa322a58c3103cdda42,APPROVED,2020-07-26 15:37:56,2020-07-26 15:51:38,822.511,28,21,0,100,2020-07-29 14:31:09,6D154BBD,Mexico,Mexico,Full-Time,Spanish,"Spanish, English",Mexico,Male,No
5f1da355db39906e265e9990,5e8211c3acf2d503662bcaae,APPROVED,2020-07-26 15:37:57,2020-07-26 15:43:19,322.021,24,29,1,99,2020-07-29 14:31:12,6D154BBD,Italy,Italy,Full-Time,Italian,"Italian, English, Spanish",Italy,Male,Yes
5f1da35bcbf55f6e039fe6f3,5ee7afc384467e05f3cb1ea5,APPROVED,2020-07-26 15:38:08,2020-07-26 15:42:48,279.483,26,15,0,100,2020-07-29 14:31:14,6D154BBD,Chile,Chile,Full-Time,Spanish,"English, Spanish",Chile,Male,Yes
5f1da35d2ce1e6067b9fdc2a,5edfb48e375a0d2a740a02c3,APPROVED,2020-07-26 15:38:32,2020-07-26 15:46:47,494.436,25,18,0,100,2020-07-29 14:31:16,6D154BBD,Portugal,Portugal,,Portuguese,"English, Portuguese",Portugal,Female,No
5f1da35f47b7402a4ad81fb2,5d77bc0a4503c30001c724b8,APPROVED,2020-07-26 15:38:09,2020-07-26 15:54:28,978.385,20,37,0,100,2020-07-29 14:31:18,6D154BBD,Greece,Greece,Other,Greek,"Greek, English",Greece,Male,Yes
5f1da36046999b6dfecabb0a,58962e76215bed0001e4f624,APPROVED,2020-07-26 15:38:12,2020-07-26 15:44:33,380.842,28,72,1,100,2020-07-29 14:31:21,6D154BBD,United Kingdom,United Kingdom,Full-Time,English,English,United Kingdom,Female,No
5f1da37017f6226e9caf14ed,5c4a032ad5ef870001461898,APPROVED,2020-07-26 15:38:25,2020-07-26 15:53:52,927.172,29,180,0,100,2020-07-29 14:31:23,6D154BBD,Latvia,Latvia,Other,Latvian,"Latvian, English, Russian",Latvia,Male,No
5f1da37298d3b36f9dea1cb9,5f08b23ac6db570fef276d2e,APPROVED,2020-07-26 15:38:29,2020-07-26 15:45:53,444.077,26,9,0,100,2020-07-29 14:31:25,6D154BBD,"Venezuela, Bolivarian Republic of",Spain,Full-Time,Spanish,"English, Spanish",Spain,Male,Yes
5f1da37502bd3901388e3009,5d27099998385500190c5f68,REJECTED,2020-07-26 15:38:34,2020-07-26 15:41:02,148.1,20,51,2,96,2020-07-29 14:04:54,6D154BBD,DATA EXPIRED,Poland,DATA EXPIRED,DATA EXPIRED,English,DATA EXPIRED,Male,DATA EXPIRED
5f1da378441e276e675a98cd,5cab8f50c7c413001598d8d6,APPROVED,2020-07-26 15:38:37,2020-07-26 15:42:26,229.246,25,219,2,100,2020-07-29 14:31:27,6D154BBD,Italy,Italy,Part-Time,Italian,"English, Italian",Italy,Female,Yes
5f1da37869a9d1031a30401b,5f010df64a92a525dd96809b,REJECTED,2020-07-26 15:38:40,2020-07-26 15:41:21,161.561,18,6,1,94,2020-07-29 14:03:56,6D154BBD,Italy,Italy,Other,Italian,"English, Italian",Italy,Male,Yes
5f1da37e6f7d7f6e3a703ce3,5e5f0f0da2255725069e61cc,APPROVED,2020-07-26 15:38:38,2020-07-26 15:43:00,261.468,28,90,0,100,2020-07-29 14:31:30,6D154BBD,United Kingdom,Canada,Full-Time,English,"English, French",Canada,Female,Yes
5f1da37edb768903075bce4f,5e618514ab46f20809f2f630,APPROVED,2020-07-26 15:38:42,2020-07-26 15:42:47,245.489,26,9,0,100,2020-07-29 14:31:32,6D154BBD,Italy,Italy,Due to start a new job within the next month,Italian,"English, French, German, Italian, Korean",Italy,Female,No
5f1da381120a7229a063a195,5f0f59fa7f396506b1c9d889,APPROVED,2020-07-26 15:38:41,2020-07-26 15:44:37,356.191,42,6,1,96,2020-07-29 14:31:34,6D154BBD,Austria,Austria,Full-Time,German,"English, German",Austria,Male,No
5f1da38326751403f8a639f2,5ef1d682103d8201cd945410,APPROVED,2020-07-26 15:38:44,2020-07-26 15:47:30,526.11,19,13,0,100,2020-07-29 14:31:35,6D154BBD,Slovenia,Slovenia,Unemployed (and job seeking),Slovenian,"English, French, Slovenian, German, Croatian",Slovenia,Female,No
5f1da38517f6226e9caf14ee,5e70bd5480f43a0009625d4c,APPROVED,2020-07-26 15:38:53,2020-07-26 15:42:32,218.798,20,69,0,100,2020-07-29 14:31:37,6D154BBD,United Kingdom,United Kingdom,Unemployed (and job seeking),English,English,United Kingdom,Male,No
5f1da38a0add986cac0b0e34,5c90f5eae2d9fb0011385c58,APPROVED,2020-07-26 15:38:50,2020-07-26 15:42:16,206.375,23,177,1,100,2020-07-29 14:31:40,6D154BBD,Estonia,Estonia,Part-Time,Estonian,"English, Estonian",Estonia,Female,No
5f1da38a42e7b06e48642c75,5eeb8e55aca0f90cc757bb0d,APPROVED,2020-07-26 15:38:51,2020-07-26 15:42:21,210.005,21,12,0,100,2020-07-29 14:31:42,6D154BBD,Poland,Poland,Full-Time,Polish,"Polish, English",Poland,Male,No
5f1da38f4ce58101df35f286,5d24b93d71f10500194f1fba,APPROVED,2020-07-26 15:38:55,2020-07-26 15:45:52,416.938,22,68,2,99,2020-07-29 14:31:45,6D154BBD,Portugal,Portugal,Other,Portuguese,"Portuguese, English",Portugal,Male,Yes
5f1da38fed2efa6ddcc5ca51,5f04cbb4e2b984791b535f68,APPROVED,2020-07-26 15:39:17,2020-07-26 15:43:37,260.309,19,4,0,100,2020-07-29 14:31:47,6D154BBD,Poland,Poland,Unemployed (and job seeking),Polish,"English, Polish",Poland,Male,Yes
5f1da392c4f27029c775f8d3,5d97ba9f9fcbb700151bbec0,APPROVED,2020-07-26 15:38:58,2020-07-26 15:44:07,308.818,22,115,0,100,2020-07-29 14:31:49,6D154BBD,Portugal,Portugal,Unemployed (and job seeking),Portuguese,"Portuguese, Spanish, English",Portugal,Male,Yes
5f1da393aaffd76e3b948290,5c770e63a2b09c0001a821cc,APPROVED,2020-07-26 15:39:00,2020-07-26 15:48:17,557.43,19,252,3,99,2020-07-29 14:31:51,6D154BBD,Portugal,United Kingdom,Part-Time,Portuguese,"Spanish, English, Portuguese",Portugal,Male,Yes
5f1da3955eec2229d2c94bce,5ec8216a31328710b01d2f45,APPROVED,2020-07-26 15:39:04,2020-07-26 15:42:19,195.184,24,31,0,100,2020-07-29 14:31:54,6D154BBD,Portugal,Portugal,Full-Time,Portuguese,"Portuguese, English",Portugal,Male,No
5f1da396ed2efa6ddcc5ca53,5b57af5f508b8c0001a69fd2,APPROVED,2020-07-26 15:39:11,2020-07-26 15:57:50,1118.812,29,114,2,99,2020-07-29 14:32:01,6D154BBD,Ukraine,Germany,Unemployed (and job seeking),Russian,English,Ukraine,Male,No
5f1da39677227002ac60cf40,5b4f9c98330053000174d56c,APPROVED,2020-07-26 15:39:02,2020-07-26 15:44:06,303.201,34,282,5,99,2020-07-29 14:31:58,6D154BBD,Italy,Italy,Part-Time,Italian,English,Italy,Female,Yes
5f1da39646be2a6d718fcf01,5cd18185c497de00161a0e0d,APPROVED,2020-07-26 15:39:02,2020-07-26 15:45:09,366.843,19,120,0,100,2020-07-29 14:31:56,6D154BBD,Portugal,Portugal,Other,Portuguese,"English, Portuguese",Portugal,Male,Yes
5f1da39775bced01ee21114e,5ecf7cc3f50eea1fbefda0fa,APPROVED,2020-07-26 15:39:04,2020-07-26 15:45:48,404.654,22,17,0,100,2020-07-29 14:32:03,6D154BBD,Hungary,Hungary,Unemployed (and job seeking),English,"English, German, Hungarian",Hungary,Male,Yes
5f1da3a3c8c0966e553be764,5ccc2e86138c2100184c218b,APPROVED,2020-07-26 15:39:43,2020-07-26 15:44:28,284.422,22,126,1,100,2020-07-29 14:32:05,6D154BBD,Poland,Poland,Other,Polish,English,Poland,Female,Yes
5f1da3a83a18380179d7019a,5ea9c91de3583b11f139f8f4,APPROVED,2020-07-26 15:39:27,2020-07-26 15:46:15,408.142,27,50,0,100,2020-07-29 14:32:07,6D154BBD,Canada,Canada,Unemployed (and job seeking),English,English,Canada,Male,No
5f1da3ab77227002567eda4a,55a2159bfdf99b3cec08f1a9,APPROVED,2020-07-26 15:39:23,2020-07-26 15:52:10,766.542,29,203,1,100,2020-07-29 14:32:09,6D154BBD,Italy,Italy,Full-Time,English,"English, Italian",Italy,Male,No
5f1da3ad0add986cac0b0e35,5ed54d7d0fea040bfc6ce94c,APPROVED,2020-07-26 15:39:45,2020-07-26 15:53:45,840.442,28,11,0,100,2020-07-29 14:32:11,6D154BBD,Hungary,Hungary,Full-Time,Hungarian,"English, Hungarian",Hungary,Female,No
5f1da3b0a294fd029b5f47c0,5e7b1409f898741063f7a2f1,APPROVED,2020-07-26 15:39:28,2020-07-26 15:50:22,653.507,19,35,0,100,2020-07-29 14:32:13,6D154BBD,Poland,Poland,Unemployed (and job seeking),Polish,"English, German, Italian, Polish",Poland,Female,Yes
5f1da3b260a5cb01d9e97065,5c257d27da51990001e278db,APPROVED,2020-07-26 15:39:39,2020-07-26 15:46:48,428.193,22,43,1,100,2020-07-29 14:32:16,6D154BBD,Portugal,Portugal,Full-Time,Portuguese,"English, Portuguese",Portugal,Male,Yes
5f1da3ba8903276e9ece3ccf,597b96d040ffde0001644515,APPROVED,2020-07-26 15:39:45,2020-07-26 15:50:02,617.05,39,247,1,100,2020-07-29 14:32:18,6D154BBD,United Kingdom,United Kingdom,"Not in paid work (e.g. homemaker', 'retired or disabled)",English,English,United Kingdom,Female,No
5f1da3c2c4f27029644cf8a5,5ea9616bb57e4b05bfb0e52c,APPROVED,2020-07-26 15:39:51,2020-07-26 15:43:08,196.792,28,13,0,100,2020-07-29 14:32:21,6D154BBD,South Africa,South Africa,Full-Time,Afrikaans,"Afrikaans, English",South Africa,Female,No
5f1da3c73ea5736e89ce2d12,5eb5123206340e38f179de1b,APPROVED,2020-07-26 15:39:51,2020-07-26 15:46:28,396.676,18,12,0,100,2020-07-29 14:32:23,6D154BBD,Poland,Poland,Part-Time,Polish,"English, Polish",Poland,Male,Yes
5f1da3cf26f6fd01f27e96f4,5eae6d16e48122540aae0643,APPROVED,2020-07-26 15:40:07,2020-07-26 15:43:26,198.968,25,18,0,100,2020-07-29 14:32:25,6D154BBD,Israel,Israel,Part-Time,Hebrew,"English, Hebrew",Israel,Male,Yes
5f1da3d483f57e014af6da22,578568e525cb710001288d95,APPROVED,2020-07-26 15:40:05,2020-07-26 15:48:46,521.542,37,292,11,96,2020-07-29 14:32:27,6D154BBD,Spain,Spain,Full-Time,Spanish,"Catalan, Spanish, French, English",Spain,Male,No
5f1da3dcb556806e7d37c79c,5f1157c4f8cc27367f354c68,APPROVED,2020-07-26 15:40:16,2020-07-26 15:51:46,690.826,19,2,0,100,2020-07-29 14:32:29,6D154BBD,Chile,Chile,"Not in paid work (e.g. homemaker', 'retired or disabled)",Spanish,"Spanish, English",Chile,Male,Yes
5f1da3e676821d6ea032c57a,56015f0877f33b000ecb28e2,RETURNED,2020-07-26 15:40:29,,336339.8171,58,169,5,97,,,CONSENT REVOKED,CONSENT REVOKED,CONSENT REVOKED,CONSENT REVOKED,CONSENT REVOKED,CONSENT REVOKED,CONSENT REVOKED,CONSENT REVOKED
5f1da3e6cb538903caacc534,5ea7405befba05108ebec3af,APPROVED,2020-07-26 15:40:24,2020-07-26 15:45:35,310.122,26,22,0,100,2020-07-29 14:32:33,6D154BBD,Finland,Finland,Part-Time,Finnish,"Finnish, Swedish, English",Finland,Male,Yes
5f1da3e6ac4d730747061d72,5ea35bfe13923f2ca4ce450b,APPROVED,2020-07-26 15:40:25,2020-07-26 15:48:48,502.647,19,110,0,100,2020-07-29 14:32:31,6D154BBD,United States,United States,Part-Time,English,"English, Spanish",United States,Male,Yes
5f1da3e7241ae1019c07882d,59cc30fa5e01580001977a0d,APPROVED,2020-07-26 15:40:23,2020-07-26 15:48:40,496.702,31,142,2,100,2020-07-29 14:32:35,6D154BBD,Spain,Spain,Part-Time,Spanish,"Catalan, Spanish, English",Spain,Male,No
5f1da3e7d9d9be6f794790db,5eb170206e577a07e9954c65,APPROVED,2020-07-26 15:40:23,2020-07-26 15:48:10,466.691,19,43,0,100,2020-07-29 14:32:38,6D154BBD,Poland,Poland,"Not in paid work (e.g. homemaker', 'retired or disabled)",Polish,"Polish, English",Poland,Male,Yes
5f1da3eb868320037ccada2f,57843b986475d400015a8e45,APPROVED,2020-07-26 15:40:33,2020-07-26 15:46:48,374.949,23,921,7,100,2020-07-29 14:32:39,6D154BBD,United Kingdom,United Kingdom,Part-Time,English,English,United Kingdom,Male,Yes
5f1da3ecd5dc046cf61df5a7,5e5d5bca1322f00407344ee0,APPROVED,2020-07-26 15:42:04,2020-07-26 15:48:41,396.798,22,92,1,100,2020-07-29 14:32:42,6D154BBD,Canada,Canada,Part-Time,English,"English, French",Canada,Female,No
5f1da3edc3e5f902ac235130,5b900275c7f479000118c654,REJECTED,2020-07-26 15:40:29,2020-07-26 15:42:44,135.454,26,131,6,95,2020-07-29 14:04:29,6D154BBD,Poland,Poland,Full-Time,Polish,"English, German",Poland,Male,No
5f1da3f0412781024960ccb5,5e7b99d461d3e41ae8ad364e,APPROVED,2020-07-26 15:40:32,2020-07-26 15:44:53,261.07,19,71,1,100,2020-07-29 14:32:44,6D154BBD,Netherlands,Netherlands,Unemployed (and job seeking),Dutch,"English, Dutch",Netherlands,Male,Yes
5f1da3f46291c26ffe0dc474,5e99c5be1a0c87028c125183,APPROVED,2020-07-26 15:40:39,2020-07-26 15:47:12,392.836,21,5,0,100,2020-07-29 14:32:46,6D154BBD,Poland,Poland,Part-Time,Polish,"English, Russian, Polish",Poland,Male,Yes
5f1da3f946ded66d2ee33eb3,5d433248638dca0015da9d7b,APPROVED,2020-07-26 15:40:42,2020-07-26 15:51:39,657.139,19,65,1,100,2020-07-29 14:32:49,6D154BBD,Hungary,Hungary,Full-Time,Hungarian,"Hungarian, English",Hungary,Male,Yes
5f1da3fac4f27029c775f8d6,5dc0077fd819104566394afa,APPROVED,2020-07-26 15:40:43,2020-07-26 15:47:07,384.24,19,35,0,100,2020-07-29 14:32:51,6D154BBD,Ecuador,Spain,Other,Spanish,"Catalan, Spanish, English",Ecuador,Male,Yes
5f1da3fca6e3130266e223d6,5b905809c7f479000118cfc5,RETURNED,2020-07-26 15:40:48,,336321.6845,24,128,1,100,,,CONSENT REVOKED,CONSENT REVOKED,CONSENT REVOKED,CONSENT REVOKED,CONSENT REVOKED,CONSENT REVOKED,CONSENT REVOKED,CONSENT REVOKED
5f1da3fff6dc766d914b7fff,5e9324e0019f08188c80f45a,APPROVED,2020-07-26 15:40:48,2020-07-26 15:50:02,554.242,34,29,0,100,2020-07-29 14:32:53,6D154BBD,Argentina,Spain,Unemployed (and job seeking),Spanish,"Spanish, English",Argentina,Male,No
5f1da404104d426eacf65f5e,5ee4d27c6cb133047209064f,APPROVED,2020-07-26 15:40:53,2020-07-26 15:47:59,426.148,18,19,0,100,2020-07-29 14:32:55,6D154BBD,Poland,Poland,Other,Polish,"English, Polish, Russian",Poland,Female,Yes
5f1da406c45c5a29f9902205,5ec2ccabec26b70d7d0be8d5,APPROVED,2020-07-26 15:40:54,2020-07-26 15:51:40,645.777,25,22,0,100,2020-07-29 14:32:57,6D154BBD,Portugal,Portugal,Full-Time,Portuguese,"English, Portuguese, Spanish",Portugal,Male,Yes
5f1da40869a9d103c9843bd9,5e9ae1ccb0904517424bf970,APPROVED,2020-07-26 15:41:14,2020-07-26 15:49:32,497.747,31,32,0,100,2020-07-29 14:33:00,6D154BBD,France,France,Full-Time,French,"English, French",France,Male,No
5f1da40a875dc16e9500f5fc,5e91350e16b81046df5dcf52,APPROVED,2020-07-26 15:41:09,2020-07-26 15:47:16,366.587,19,141,0,100,2020-07-29 14:33:02,6D154BBD,United States,United States,Part-Time,Chinese,"Chinese, English",United States,Male,Yes
5f1da40f3ea5736e89ce2d13,5e3f5c2d8122da1b3e01e53a,APPROVED,2020-07-26 15:41:09,2020-07-26 15:45:46,277.007,24,56,0,100,2020-07-29 14:33:05,6D154BBD,United States,United States,Unemployed (and job seeking),English,English,United States,Male,No
5f1da410916b4a020f05668d,5db9e0044a8eb40431d5e782,APPROVED,2020-07-26 15:41:04,2020-07-26 15:47:58,414.306,20,125,0,100,2020-07-29 14:33:08,6D154BBD,Italy,Italy,Full-Time,Italian,"Italian, English",Italy,Male,No
5f1da419c74cd5012a1f89d3,5ebaa355dbe25f0008216bd1,APPROVED,2020-07-26 15:41:14,2020-07-26 15:58:04,1009.968,20,28,0,100,2020-07-29 14:33:10,6D154BBD,Portugal,Portugal,"Not in paid work (e.g. homemaker', 'retired or disabled)",Portuguese,"English, Portuguese",Portugal,Male,Yes
5f1da41b9da4f70326aaf3f8,5d9bb6bb1b7e12033ec4cb15,REJECTED,2020-07-26 15:41:19,2020-07-26 15:43:29,130.05,27,10,1,96,2020-07-29 14:04:08,6D154BBD,United Kingdom,United Kingdom,Full-Time,English,English,United Kingdom,Male,No
5f1da41dc45c5a294e82c2b8,5ebdc302741dac0fcb699c29,APPROVED,2020-07-26 15:41:39,2020-07-26 15:46:27,287.643,20,38,1,100,2020-07-29 14:33:12,6D154BBD,Spain,Spain,Unemployed (and job seeking),Spanish,"Catalan, English, Spanish",Spain,Female,Yes
5f1da420e56af7017ce23a34,5edd2c7ee923bea284fdb9f0,APPROVED,2020-07-26 15:41:20,2020-07-26 15:46:36,315.737,23,36,0,100,2020-07-29 14:33:14,6D154BBD,South Africa,South Africa,Full-Time,English,"Afrikaans, English",South Africa,Female,Yes
5f1da4275d95c903c88777d4,5eaba058fb863f187c27073a,APPROVED,2020-07-26 15:41:38,2020-07-26 15:48:24,406.829,18,52,0,100,2020-07-29 14:33:17,6D154BBD,United Kingdom,United Kingdom,Other,English,English,United Kingdom,Male,Yes
5f1da429e0ba326de7ef3d7c,5ebd3efa19f000000b53592f,APPROVED,2020-07-26 15:41:37,2020-07-26 15:46:17,280.018,43,39,0,100,2020-07-29 14:33:19,6D154BBD,United Kingdom,United Kingdom,Full-Time,English,English,United Kingdom,Female,No
5f1da42b4ce58101297145a7,5e961f1295b81609367a9c83,APPROVED,2020-07-26 15:41:37,2020-07-26 15:44:53,196.335,31,75,3,98,2020-07-29 14:33:20,6D154BBD,United Kingdom,United Kingdom,Unemployed (and job seeking),English,English,United Kingdom,Male,No
5f1da42ba6e31301f9cb0349,5dc0856370d51c032949d2db,APPROVED,2020-07-26 15:41:35,2020-07-26 15:57:29,954.095,25,58,0,100,2020-07-29 14:33:23,6D154BBD,Poland,Poland,Part-Time,Polish,"English, Polish",Poland,Female,Yes
5f1da4304ad7586d65a065f9,5cc4ba84ef83da0016cffaa9,APPROVED,2020-07-26 15:41:36,2020-07-26 15:47:34,357.816,39,82,0,100,2020-07-29 14:33:25,6D154BBD,Greece,Greece,Unemployed (and job seeking),Greek,"Greek, English",Greece,Male,No
5f1da4324d4019018a886103,5f11ea4b1589680d0353551c,APPROVED,2020-07-26 15:47:07,2020-07-26 15:52:01,293.284,22,8,0,100,2020-07-29 14:33:27,6D154BBD,Poland,Poland,Other,Polish,"English, Polish",Poland,Male,No
5f1da4379da4f70326aaf3f9,5c129f53c27527000196c925,APPROVED,2020-07-26 15:42:17,2020-07-26 15:47:40,322.117,25,99,0,100,2020-07-29 14:33:29,6D154BBD,Italy,Italy,Other,Italian,"Italian, English",Italy,Female,Yes
5f1da4382c833f2a24a89d49,5c71a60d28b40f0001f07657,APPROVED,2020-07-26 15:41:47,2020-07-26 15:47:06,319.288,21,255,2,100,2020-07-29 14:33:31,6D154BBD,Poland,United Kingdom,Other,Polish,"Polish, English",Poland,Male,Yes
5f1da44d6f01b96f31151f04,5da0bcb78b5d3f001078dcd8,APPROVED,2020-07-26 15:42:12,2020-07-26 15:45:35,203.046,36,107,2,99,2020-07-29 14:33:33,6D154BBD,Netherlands,Netherlands,Unemployed (and job seeking),Dutch,"English, Spanish, Dutch",Netherlands,Female,No
5f1da4547b099d6fc1013642,5e0787927bf5720f70a60eb4,REJECTED,2020-07-26 15:42:19,2020-07-26 15:44:54,155.362,39,124,4,96,2020-07-29 14:05:02,6D154BBD,United Kingdom,United Kingdom,Unemployed (and job seeking),English,English,United Kingdom,Male,No
5f1da454c0cada6f62ed78dd,5ee8063e86c62b1003993c99,APPROVED,2020-07-26 15:42:17,2020-07-26 15:48:11,353.859,29,28,1,99,2020-07-29 14:33:36,6D154BBD,United States,,Full-Time,English,English,United States,Male,No
5f1da457104d426eacf65f5f,5c894740d34170000141e4b8,APPROVED,2020-07-26 15:42:18,2020-07-26 15:49:31,433.71,26,155,0,100,2020-07-29 14:33:38,6D154BBD,Italy,Italy,Part-Time,Italian,"Italian, English",Italy,Male,No
5f1da45a83f57e01252c2453,5ea60503456e580cde43cdba,APPROVED,2020-07-26 15:42:21,2020-07-26 15:48:28,366.712,28,10,0,100,2020-07-29 14:33:40,6D154BBD,Israel,Israel,Full-Time,Hebrew,"English, Hebrew",Israel,Male,Yes
5f1da45d2171f86de9091ae6,5cd46ec1002768001537fa9d,APPROVED,2020-07-26 15:42:26,2020-07-26 15:50:09,463.521,28,43,1,99,2020-07-29 14:33:42,6D154BBD,Brazil,Belgium,Full-Time,Portuguese,"Portuguese, English",Brazil,Female,Yes
5f1da45ded2efa6ea5fc547e,5f001a2d0b6653114dd57c63,APPROVED,2020-07-26 15:42:23,2020-07-26 15:46:03,219.567,32,21,1,99,2020-07-29 14:33:45,6D154BBD,Ireland,United Kingdom,Full-Time,English,"English, Gaelic",Ireland,Female,No
5f1da4619fb17529dd5c7d79,5ec3022338a19e143412435f,APPROVED,2020-07-26 15:42:25,2020-07-26 15:47:00,274.944,18,30,0,100,2020-07-29 14:33:49,6D154BBD,Poland,Poland,Other,Polish,"Polish, English",Poland,Male,Yes
5f1da46170371e029dd5cbf3,5ee66b081fb73f3dd35cdae3,APPROVED,2020-07-26 15:42:29,2020-07-26 15:47:09,280.265,29,18,0,100,2020-07-29 14:33:47,6D154BBD,United Kingdom,United Kingdom,Part-Time,English,English,United Kingdom,Female,No
5f1da462e56af701e37fbce3,5e529e9ad9a7ea2ab55835f2,APPROVED,2020-07-26 15:42:43,2020-07-26 15:47:45,301.997,52,121,0,100,2020-07-29 14:33:52,6D154BBD,United Kingdom,United Kingdom,Full-Time,English,English,United Kingdom,Female,No
5f1da46577b57e6f09521c27,5d250c4645d77a0017488293,REJECTED,2020-07-26 15:42:29,2020-07-26 15:44:24,115.334,23,55,4,93,2020-07-29 13:58:44,NOCODE,Estonia,Estonia,Due to start a new job within the next month,Estonian,"English, Estonian",Estonia,Male,Yes
5f1da4667fba9c2a7aeb9820,5e345921b50fca000e8962bb,APPROVED,2020-07-26 15:42:30,2020-07-26 15:45:40,189.751,21,44,3,96,2020-07-29 14:33:54,6D154BBD,Netherlands,,Unemployed (and job seeking),Dutch,"English, Dutch, Turkish",Netherlands,Female,No
5f1da467e523510364b64058,5ee8c311b90cb31db14a10b4,APPROVED,2020-07-26 15:42:32,2020-07-26 15:47:55,323.352,21,17,0,100,2020-07-29 14:33:59,6D154BBD,Portugal,Portugal,,Portuguese,"Portuguese, French, English",,Female,Yes
5f1da4673edc816e0542dbfc,5e82a86895c1fb8b91c05522,APPROVED,2020-07-26 15:42:35,2020-07-26 15:47:18,283.509,18,53,0,100,2020-07-29 14:33:56,6D154BBD,Portugal,Portugal,Other,Portuguese,"Portuguese, English",Portugal,Male,Yes
5f1da468ea92af6ed0f37edc,5e9efa6bd330db040cbf7749,RETURNED,2020-07-26 15:42:33,,336218.3636,30,34,0,100,,,CONSENT REVOKED,CONSENT REVOKED,CONSENT REVOKED,CONSENT REVOKED,CONSENT REVOKED,CONSENT REVOKED,CONSENT REVOKED,CONSENT REVOKED
5f1da46946999b6ed0592477,5e7e08e1dd6f1a49f2c211cb,APPROVED,2020-07-26 15:42:37,2020-07-26 15:47:41,303.958,32,70,0,100,2020-07-29 14:34:01,6D154BBD,United Kingdom,United Kingdom,Part-Time,English,"English, French, Lithuanian",United Kingdom,Female,No
5f1da46fd3db3c28f3458ef6,5ead964b6528b14342ab46ca,APPROVED,2020-07-26 15:42:40,2020-07-26 15:49:09,389.312,21,41,0,100,2020-07-29 14:34:03,6D154BBD,Belgium,Belgium,Other,Dutch,"Dutch, English, French",Belgium,Male,Yes
5f1da475b71255018f4135f3,5eec65b6f9a5a948009b923f,APPROVED,2020-07-26 15:42:46,2020-07-26 15:50:01,435.573,24,19,0,100,2020-07-29 14:34:05,6D154BBD,Greece,Greece,Unemployed (and job seeking),Greek,"English, Greek",Greece,Male,Yes
5f1da477a37d1901f4e4a11f,5ee671e1a056ff3db90242f8,APPROVED,2020-07-26 15:42:47,2020-07-26 15:50:15,448.028,27,21,0,100,2020-07-29 14:34:07,6D154BBD,Poland,Poland,Unemployed (and job seeking),Polish,"English, Polish",Poland,Female,Yes
5f1da48847a90a298deeb702,5e60f3c47ff627000e5aee58,REJECTED,2020-07-26 15:43:06,2020-07-26 15:44:07,61.185,38,68,4,94,2020-07-29 13:58:04,6D154BBD,United Kingdom,United Kingdom,"Not in paid work (e.g. homemaker', 'retired or disabled)",English,English,United Kingdom,Female,No
5f1da48ea351ad03c1b3b4e4,5e5e3f5c9dad80156c98b89c,APPROVED,2020-07-26 15:43:14,2020-07-26 15:49:46,391.45,20,30,0,100,2020-07-29 14:34:10,6D154BBD,Portugal,Portugal,Other,Portuguese,"English, Portuguese",Portugal,Male,Yes
5f1da4943a18380179d7019f,5e5fa18acf9c042ddcb82a8a,APPROVED,2020-07-26 15:43:26,2020-07-26 15:50:34,428.073,52,92,0,100,2020-07-29 14:34:12,6D154BBD,United Kingdom,United Kingdom,Part-Time,English,English,United Kingdom,Male,No
5f1da4968c60fa01e42bef0b,5ed67565e923be0aaf9e3cca,APPROVED,2020-07-26 15:43:21,2020-07-26 15:51:40,499.494,21,19,0,100,2020-07-29 14:34:14,6D154BBD,Estonia,,Part-Time,Estonian,"English, Estonian",Estonia,Female,Yes
5f1da497e2aa496e04bce6f5,5b0c5c0ae9270900013bbd6f,APPROVED,2020-07-26 15:47:42,2020-07-26 16:00:19,757.286,24,129,0,100,2020-07-29 14:34:17,6D154BBD,Italy,Italy,Unemployed (and job seeking),Italian,"Italian, English",Italy,Female,Yes
5f1da49ce4864103e53a7644,5ec3d4fcce3cd40548b687ce,APPROVED,2020-07-26 15:43:28,2020-07-26 16:03:22,1194.294,23,41,1,100,2020-07-29 14:34:22,6D154BBD,Albania,Italy,Full-Time,Albanian,"Albanian, Italian, English",Albania,Male,Yes
5f1da49c441e276eceddce29,5e01325515ef40d2db1133ea,APPROVED,2020-07-26 15:43:25,2020-07-26 15:47:47,261.82,22,56,6,88,2020-07-29 14:34:19,6D154BBD,Poland,Poland,Unemployed (and job seeking),Polish,"English, Polish, German",Poland,Male,No
5f1da49ff9f4e86dc5ae64d7,5e8b4f987028ed01735782db,APPROVED,2020-07-26 15:43:27,2020-07-26 16:10:44,1636.856,18,44,1,100,2020-07-29 14:34:23,6D154BBD,Portugal,Portugal,Other,Portuguese,"Portuguese, English",Portugal,Male,Yes
5f1da4a0345ab96f3d2d7ffc,5deef5412dc5c65901b17bef,APPROVED,2020-07-26 15:43:49,2020-07-26 15:47:42,232.076,24,49,1,99,2020-07-29 14:34:25,6D154BBD,Greece,Greece,Other,Greek,"Greek, English",Greece,Male,Yes
5f1da4a264787f0387ca6a4d,5d97091b1787f60011e03cdf,APPROVED,2020-07-26 15:43:30,2020-07-26 15:52:25,535.177,35,116,0,100,2020-07-29 14:34:28,6D154BBD,Uruguay,Germany,Part-Time,Spanish,"English, Spanish",Uruguay,Male,Yes
5f1da4a2ca34906f5d2a2b4c,5e72490845c9c4024095bf96,APPROVED,2020-07-26 15:43:53,2020-07-26 15:54:23,630.405,21,58,0,100,2020-07-29 14:34:30,6D154BBD,Portugal,Portugal,Other,Portuguese,"English, Portuguese, Spanish",Portugal,Male,Yes
5f1da4a3fe7ca36da723bb02,5e7b6353dc81160236a24e36,REJECTED,2020-07-26 15:43:32,2020-07-26 15:44:09,37.763,19,38,1,99,2020-07-29 13:57:52,6D154BBD,Poland,Poland,Unemployed (and job seeking),Polish,"English, Polish",Poland,Male,Yes
5f1da4a47b099d6f6bfe82af,55ad5706fdf99b649ca5a47c,APPROVED,2020-07-26 15:43:36,2020-07-26 15:49:46,370.513,38,644,6,100,2020-07-29 14:34:34,6D154BBD,United Kingdom,United Kingdom,Full-Time,English,English,United Kingdom,Female,No
5f1da4a4772270030e9f3a9c,58e0d6aaf0ec8a000120b50c,APPROVED,2020-07-26 15:43:35,2020-07-26 15:51:17,461.797,38,346,3,100,2020-07-29 14:34:32,6D154BBD,Italy,Italy,Part-Time,Italian,"English, Italian",Italy,Female,No
5f1da4a5d5dc046e1d4ec3d3,5ea16543733b420009d7800e,APPROVED,2020-07-26 15:43:37,2020-07-26 15:51:27,469.84,19,30,0,100,2020-07-29 14:34:37,6D154BBD,South Africa,South Africa,Unemployed (and job seeking),English,"Afrikaans, English",South Africa,Female,Yes
5f1da4aa83f57e01e32e9621,5f04b16058d1c275e65c2db0,APPROVED,2020-07-26 15:43:39,2020-07-26 15:50:43,424.427,23,10,0,100,2020-07-29 14:34:39,6D154BBD,Brazil,France,Full-Time,Portuguese,"English, French, Portuguese",Brazil,Male,Yes
5f1da4b236a564000a4b6186,5e9020ceb720443205b28a9d,APPROVED,2020-07-26 15:43:50,2020-07-26 15:53:05,555.134,23,85,0,100,2020-07-29 14:34:41,6D154BBD,United Kingdom,United Kingdom,Full-Time,English,English,United Kingdom,Female,No
5f1da4b4dd6c7529e60c2123,5daa07c13b410d0017c55e2f,APPROVED,2020-07-26 15:43:50,2020-07-26 15:49:42,351.859,19,66,0,100,2020-07-29 14:34:46,6D154BBD,Azerbaijan,Poland,Unemployed (and job seeking),Turkish,"English, Turkish",Azerbaijan,Male,Yes
5f1da4b450a22d000bb3bf98,5adb5107f6b58c0001fa3533,APPROVED,2020-07-26 15:44:07,2020-07-26 15:47:11,184.152,32,184,9,94,2020-07-29 14:34:43,6D154BBD,Germany,Germany,Full-Time,German,"German, Polish, Dutch, English",Germany,Male,No
5f1da4b6b6464a6c84d5e4c8,5ed539ff129cb40aacbbce90,APPROVED,2020-07-26 15:43:50,2020-07-26 15:50:51,420.292,29,35,0,100,2020-07-29 14:34:48,6D154BBD,Israel,Israel,Full-Time,Hebrew,"English, Hebrew",Israel,Male,No
5f1da4ba6f7d7f6e97734b3a,5eb2c2173213220518f881e2,TIMED-OUT,2020-07-26 15:43:58,,336134.3635,19,35,0,100,,,China,Canada,Unemployed (and job seeking),Chinese,"French, English",Canada,Male,Yes
5f1da4bec591be29fcaa443f,5ecccc875f9dd88be1cc5ae7,APPROVED,2020-07-26 15:43:58,2020-07-26 15:47:31,212.138,32,42,0,100,2020-07-29 14:34:50,6D154BBD,Spain,Spain,Full-Time,Spanish,"English, Portuguese, Spanish, Catalan, Italian",Spain,Female,Yes
5f1da4c0dd6c752a9292a9fd,59d418c3b37d52000122ece0,APPROVED,2020-07-26 15:49:50,2020-07-26 16:00:39,649.446,38,402,3,100,2020-07-29 14:34:52,6D154BBD,United Kingdom,United Kingdom,"Not in paid work (e.g. homemaker', 'retired or disabled)",English,English,United Kingdom,Female,No
5f1da4ceb683a801fd19eb43,5ee236e2f4a50b686fc6b6a4,APPROVED,2020-07-26 15:44:19,2020-07-26 15:54:28,609.244,33,10,0,100,2020-07-29 14:34:55,6D154BBD,United Kingdom,United Kingdom,"Not in paid work (e.g. homemaker', 'retired or disabled)",English,English,United Kingdom,Female,No
5f1da4cf79caaa6e97238638,5c8806ea5497fe0016a65a6c,APPROVED,2020-07-26 15:44:15,2020-07-26 15:49:03,287.821,35,159,1,100,2020-07-29 14:34:58,6D154BBD,Israel,Israel,Unemployed (and job seeking),English,"Hebrew, English",Israel,Male,No
5f1da4d0c8c0966eb112609e,5eaec7426d4da659d804db56,APPROVED,2020-07-26 15:44:25,2020-07-26 15:50:29,364.02,28,72,0,100,2020-07-29 14:35:00,6D154BBD,United Kingdom,United Kingdom,Full-Time,English,English,United Kingdom,Male,No
5f1da4d5a2da6e00085cdbb8,5e984c6428d7fb04c21a3bf5,APPROVED,2020-07-26 15:44:22,2020-07-26 15:51:25,423.044,18,55,0,100,2020-07-29 14:35:02,6D154BBD,Poland,Poland,Other,Polish,"English, Polish",Poland,Male,Yes
5f1da4db69a9d10376ba5dd5,5e2237a7e1f467511c0fa105,APPROVED,2020-07-26 15:44:37,2020-07-26 15:51:05,388.314,37,104,2,99,2020-07-29 14:35:04,6D154BBD,United Kingdom,United Kingdom,Full-Time,English,English,United Kingdom,Female,No
5f1da4dc241ae1019c078832,5e8b51bdd7b95a01611b2efe,APPROVED,2020-07-26 15:44:29,2020-07-26 15:50:34,364.758,21,14,0,100,2020-07-29 14:35:07,6D154BBD,Italy,Italy,Other,Italian,"English, Italian",Italy,Male,Yes
5f1da4dec8a61a044c223c71,5c635a08e30ff200016badb9,APPROVED,2020-07-26 15:44:33,2020-07-26 15:50:50,377.032,52,188,4,97,2020-07-29 14:35:11,6D154BBD,United Kingdom,United Kingdom,Full-Time,English,English,United Kingdom,Male,No
5f1da4de22c07d0009e17cff,5dd9347ce2dcbd8b0dcb1c7f,APPROVED,2020-07-26 15:44:42,2020-07-26 15:50:03,321.456,56,72,2,99,2020-07-29 14:35:09,6D154BBD,United Kingdom,United Kingdom,Unemployed (and job seeking),English,English,United Kingdom,Male,No
5f1da4e3c07d926e2ab7b85a,5e9ee520e12f9e02922c60cd,APPROVED,2020-07-26 15:44:39,2020-07-26 15:54:23,583.956,37,45,0,100,2020-07-29 14:35:16,6D154BBD,Denmark,Denmark,Full-Time,Danish,"Danish, English",Denmark,Male,No
5f1da4e367c71902b2bad354,5c4c53b95aa8dc00011b0dce,APPROVED,2020-07-26 15:44:35,2020-07-26 15:51:06,390.358,24,35,0,100,2020-07-29 14:35:13,6D154BBD,Portugal,Portugal,Part-Time,Portuguese,"English, French, Portuguese, Spanish",Portugal,Female,No
5f1da4e5104d426f023bb63f,5ee0a3bc2f43f70568e950a3,REJECTED,2020-07-26 15:44:39,2020-07-26 15:46:57,138.086,27,39,1,100,2020-07-29 14:04:40,6D154BBD,Italy,United Kingdom,Part-Time,Italian,"English, French, Italian",Italy,Female,No
5f1da4e69da4f7039542fec1,5e958fc68ee4fe91ca00328d,APPROVED,2020-07-26 15:44:41,2020-07-26 15:50:31,350.149,27,52,2,98,2020-07-29 14:35:18,6D154BBD,Italy,Italy,Full-Time,Italian,"Italian, English",Italy,Male,No
5f1da4e6a348186e9cf2e85d,5e2b91769247f41e026b6cec,APPROVED,2020-07-26 15:44:41,2020-07-26 15:48:46,244.931,25,26,0,100,2020-07-29 14:35:20,6D154BBD,United Kingdom,United Kingdom,"Not in paid work (e.g. homemaker', 'retired or disabled)",English,English,United Kingdom,Female,No
5f1da4e8b5cdf703ba413aad,5d407c8ad987a10017d63281,APPROVED,2020-07-26 15:44:46,2020-07-26 15:51:38,411.923,24,68,1,100,2020-07-29 14:35:23,6D154BBD,India,Switzerland,Other,Hindi,"Hindi, French, English",India,Male,Yes
5f1da4e8c07d926e2ab7b85d,5eff500d4ff2094b67a2bb92,APPROVED,2020-07-26 15:44:42,2020-07-26 15:49:48,305.311,19,9,0,100,2020-07-29 14:35:25,6D154BBD,Poland,Poland,Unemployed (and job seeking),Polish,"English, Dutch, French, Finnish, German, Polish, Russian, Spanish, Swedish, Italian",Poland,Male,Yes
5f1da4ea7b099d6f6bfe82b1,5d0bcf217a581100161860ae,APPROVED,2020-07-26 15:44:43,2020-07-26 15:56:16,693.153,37,101,0,100,2020-07-29 14:35:27,6D154BBD,Poland,Poland,Part-Time,Polish,"English, Polish",Poland,Male,Yes
5f1da4eb30ac0b03eb4adec1,5d820531b677580001847761,APPROVED,2020-07-26 15:44:45,2020-07-26 15:50:37,351.546,23,73,1,100,2020-07-29 14:35:29,6D154BBD,Greece,Greece,Unemployed (and job seeking),Greek,"Greek, English, French",Greece,Female,Yes
5f1da4ebd9d9be6f794790de,5e7906c82ebff74b4ab4ff8b,APPROVED,2020-07-26 15:44:55,2020-07-26 15:59:25,870.478,29,105,0,100,2020-07-29 14:35:32,6D154BBD,Canada,Canada,"Not in paid work (e.g. homemaker', 'retired or disabled)",English,English,Canada,Female,Yes
5f1da4f0b42e406f2cf7de0e,5ba8a047ef181f0001672bc2,APPROVED,2020-07-26 15:44:50,2020-07-26 15:52:24,454.105,26,84,2,99,2020-07-29 14:35:35,6D154BBD,Switzerland,Switzerland,,French,"French, English",Switzerland,Female,
5f1da4f350a22d000ab25951,5c8250c026a0940016b265da,APPROVED,2020-07-26 15:44:58,2020-07-26 15:55:23,625.185,36,57,1,100,2020-07-29 14:35:37,6D154BBD,Poland,Poland,Full-Time,Polish,"English, Polish",Poland,Female,No
5f1da4f3df6e246ee99d01d8,5e87653169fad1081a165532,APPROVED,2020-07-26 15:44:52,2020-07-26 15:48:08,196.6,18,37,0,100,2020-07-29 14:35:39,6D154BBD,Poland,Poland,Part-Time,Polish,"English, Polish",Poland,Male,Yes
5f1da4f6e2aa496e04bce6f6,5df773aca2c696510cefd753,APPROVED,2020-07-26 15:44:55,2020-07-26 15:49:16,261.461,28,58,3,95,2020-07-29 14:35:41,6D154BBD,Chile,Chile,Full-Time,Spanish,"Spanish, English",Chile,Male,No
5f1da4f73a183801df8759ab,5c60c298af517e0001a00b00,APPROVED,2020-07-26 15:45:07,2020-07-26 15:50:34,327.018,26,88,0,100,2020-07-29 14:35:44,6D154BBD,Chile,Chile,Unemployed (and job seeking),Spanish,"English, Spanish",Chile,Male,Yes
5f1da4f7c559016e9ad40c1d,5aff493f331e8100018f130d,APPROVED,2020-07-26 15:44:59,2020-07-26 15:50:46,346.842,64,279,0,100,2020-07-29 14:35:46,6D154BBD,United Kingdom,United Kingdom,Part-Time,English,English,United Kingdom,Female,No
5f1da4f7d059f96e5a32ecab,5ebdbed3af523e0fc764b992,APPROVED,2020-07-26 15:44:55,2020-07-26 15:49:54,299.082,26,25,2,92,2020-07-29 14:35:48,6D154BBD,Poland,Poland,Part-Time,Polish,"Polish, English",Poland,Male,No
5f1da4fa3e85b26fb8f60f2f,5eac16121aa756036b67bc5d,APPROVED,2020-07-26 15:45:09,2020-07-26 15:51:46,397.214,20,38,0,100,2020-07-29 14:35:52,6D154BBD,Greece,Greece,Unemployed (and job seeking),Greek,"English, Greek",Greece,Female,Yes
5f1daf8f84d1777081c90896,5de966a035fcd40948c78ff1,APPROVED,2020-07-26 16:30:10,2020-07-26 16:35:20,309.636,21,125,0,100,2020-07-29 14:35:54,6D154BBD,United Kingdom,United Kingdom,Full-Time,English,English,United Kingdom,Female,No
5f21888ac16ecb555b21d954,5d4889c6643eb80001fb3f5f,APPROVED,2020-07-29 14:32:49,2020-07-29 14:36:37,228.34,36,224,2,100,2020-07-30 12:59:07,6D154BBD,United Kingdom,United Kingdom,Part-Time,English,English,United Kingdom,Female,No
5f21888b3b4b510a30df9563,5c5dae957557640001f501fc,APPROVED,2020-07-29 14:32:43,2020-07-29 14:38:53,369.99,21,166,1,100,2020-07-30 12:59:09,6D154BBD,Poland,Poland,Part-Time,Polish,"English, Polish",Poland,Male,Yes
5f21888b748d5a0b945231ff,5ebc691f6719a80b580d57fc,APPROVED,2020-07-29 14:32:43,2020-07-29 14:39:19,396.245,22,41,0,100,2020-07-30 12:59:11,6D154BBD,Hungary,Hungary,Part-Time,Hungarian,"English, Hungarian",Hungary,Female,Yes
5f21888bd348da5541553688,5ee9e067fd89d0000ba52f8a,APPROVED,2020-07-29 14:32:46,2020-07-29 14:37:45,298.26,20,16,0,100,2020-07-30 12:59:12,6D154BBD,Ireland,Ireland,Part-Time,English,"English, Gaelic",Ireland,Female,No
5f21888cfe933a0c69d5a0a2,5ec2dfd63504e8110bbe7fb8,APPROVED,2020-07-29 14:32:44,2020-07-29 14:47:14,869.193,24,50,0,100,2020-07-30 12:59:16,6D154BBD,Portugal,Portugal,Full-Time,Portuguese,"Portuguese, English",Portugal,Male,No
5f21888ca239d033f1bd878a,5f04247aab8aa164df44cabb,APPROVED,2020-07-29 14:32:46,2020-07-29 14:37:04,257.471,35,7,1,94,2020-07-30 12:59:13,6D154BBD,United Kingdom,United Kingdom,Part-Time,English,English,United Kingdom,Male,No
5f21888cc214d408d70a4499,5e306c9e4dd79606e0ed3e74,APPROVED,2020-07-29 14:32:45,2020-07-29 14:37:14,269.361,20,60,1,100,2020-07-30 12:59:15,6D154BBD,Poland,Poland,Part-Time,Polish,"Polish, English",Poland,Male,Yes
5f21888e5723d2080adbe2b3,5efd254ad1478e1709676dbd,APPROVED,2020-07-29 14:32:46,2020-07-29 14:37:32,286.394,24,12,0,100,2020-07-30 12:59:18,6D154BBD,Portugal,Portugal,Unemployed (and job seeking),Portuguese,"English, Portuguese",Portugal,Male,No
5f21888ef0628355a992a818,5e274c60f1fa1b984060db37,APPROVED,2020-07-29 14:32:59,2020-07-29 14:36:33,213.71,20,144,0,100,2020-07-30 12:59:19,6D154BBD,Poland,United Kingdom,"Not in paid work (e.g. homemaker', 'retired or disabled)",Polish,"English, Polish",United Kingdom,Female,Yes
5f21888f12f8850b2fa4c3e6,5f123a5c0712760188fcfd46,APPROVED,2020-07-29 14:32:47,2020-07-29 14:40:52,484.782,24,6,0,100,2020-07-30 12:59:20,6D154BBD,France,France,Other,French,"Chinese, English, French, Spanish",France,Female,Yes
5f2188df44cf1209a6b95ca0,5f0809545b9786000861c866,APPROVED,2020-07-29 14:34:08,2020-07-29 14:48:04,835.659,20,9,0,100,2020-07-30 12:59:22,6D154BBD,France,Poland,Full-Time,French,"English, French, Polish",French Polynesia,Female,No
5f2188e0856038553200d5b4,5ce9b0e4be5a6b00163f6870,APPROVED,2020-07-29 14:34:34,2020-07-29 14:42:40,485.978,53,478,3,100,2020-07-30 12:59:23,6D154BBD,United Kingdom,United Kingdom,Full-Time,English,English,United Kingdom,Male,No
5f2188e0bd767e08eb1270a6,5ef32fcbe5cfa7041c7b5288,APPROVED,2020-07-29 14:34:09,2020-07-29 14:39:11,302.468,25,29,1,99,2020-07-30 12:59:25,6D154BBD,Canada,,Part-Time,English,English,Canada,Male,No
5f2188e37b2c540bca737075,5f04fc2c5b0ee21a81a52af5,APPROVED,2020-07-29 14:34:42,2020-07-29 14:44:47,605.764,31,20,0,100,2020-07-30 12:59:26,6D154BBD,United States,United States,Part-Time,English,English,United States,Male,No
5f2188e4ae08e15455e854d7,5ea8010daf54da1e951b8861,APPROVED,2020-07-29 14:34:12,2020-07-29 14:44:09,596.522,18,74,0,100,2020-07-30 12:59:28,6D154BBD,Poland,Poland,Part-Time,Polish,"Polish, English",Poland,Male,Yes
5f2188e6b22b9955be601700,5b9785babdb1df0001f1cc09,RETURNED,2020-07-29 14:34:29,,81104.79516,22,383,2,100,,,CONSENT REVOKED,CONSENT REVOKED,CONSENT REVOKED,CONSENT REVOKED,CONSENT REVOKED,CONSENT REVOKED,CONSENT REVOKED,CONSENT REVOKED
5f2188e95bfa2a53b1c75758,5edbdbdb406b0c09c7c89ba5,APPROVED,2020-07-29 14:34:45,2020-07-29 14:44:55,609.32,19,18,0,100,2020-07-30 12:59:31,6D154BBD,Portugal,Portugal,"Not in paid work (e.g. homemaker', 'retired or disabled)",Portuguese,"English, Portuguese",Portugal,Female,Yes
5f2188e9dbe58733f16797f9,5b90ea43e508d600012f8162,APPROVED,2020-07-29 14:34:39,2020-07-29 14:39:10,271.021,23,163,1,100,2020-07-30 12:59:33,6D154BBD,Italy,Italy,Other,Italian,English,Italy,Male,Yes
5f2188e9c4020b0b81d606a6,5daf65969975f80015854b5e,APPROVED,2020-07-29 14:34:18,2020-07-29 14:49:49,931.292,23,156,0,100,2020-07-30 12:59:32,6D154BBD,Portugal,Portugal,Full-Time,Portuguese,"Portuguese, English",Portugal,Male,Yes
5f2188e9558167548870f358,5beda8707b382b0001cb7bb5,APPROVED,2020-07-29 14:34:20,2020-07-29 14:54:13,1193.905,20,48,2,98,2020-07-30 12:59:29,6D154BBD,Belgium,Belgium,Unemployed (and job seeking),Dutch,"English, Dutch",Belgium,Male,Yes
5f2188ead896e63f865ab484,5e2b3472339bae18089f9c6d,APPROVED,2020-07-29 14:34:20,2020-07-29 14:39:29,309.372,25,97,0,100,2020-07-30 12:59:39,6D154BBD,United Kingdom,United Kingdom,Full-Time,English,English,United Kingdom,Female,No
5f2188ea84b1bf327b49cd6b,5e6796a0ae143c03b3033195,APPROVED,2020-07-29 14:34:18,2020-07-29 14:37:33,195.054,20,59,1,100,2020-07-30 12:59:36,6D154BBD,Poland,Poland,"Not in paid work (e.g. homemaker', 'retired or disabled)",Polish,"English, Polish",Poland,Male,Yes
5f2188ea8a38e2546ed0aefb,5c7d4b654660bf0013c735d6,APPROVED,2020-07-29 14:34:55,2020-07-29 14:40:06,310.944,26,183,2,100,2020-07-30 12:59:38,6D154BBD,United Kingdom,United Kingdom,Part-Time,English,English,United Kingdom,Male,No
5f2188ea7b2c540bca737076,5e2819f0dbc670a1f79158d5,APPROVED,2020-07-29 14:34:30,2020-07-29 14:42:18,468.512,35,61,1,100,2020-07-30 12:59:35,6D154BBD,United Kingdom,United Kingdom,Part-Time,English,English,United Kingdom,Female,No
5f2188eaf5d0c254ecc4a284,5edfcc95c68c752e56ef008a,APPROVED,2020-07-29 14:34:19,2020-07-29 14:40:08,349.121,18,20,0,100,2020-07-30 12:59:41,6D154BBD,Portugal,Portugal,Full-Time,Portuguese,"English, Portuguese, French",Portugal,Male,Yes
5f2188ebd348da559df9654c,5e8d804740aaf4000a51d9e9,APPROVED,2020-07-29 14:34:21,2020-07-29 14:39:19,298.491,35,79,0,100,2020-07-30 12:59:47,6D154BBD,United Kingdom,United Kingdom,Part-Time,English,English,United Kingdom,Female,No
5f2188ebea65e60c2a32efd8,5ed2bcd397225124af835c98,APPROVED,2020-07-29 14:34:39,2020-07-29 14:39:05,265.405,23,28,0,100,2020-07-30 12:59:48,6D154BBD,Poland,Poland,Unemployed (and job seeking),Polish,"Polish, English, German",Poland,Male,Yes
5f2188eb3aeccb551d8f5c79,5d5e9ce0717ab80019a2d870,APPROVED,2020-07-29 14:35:01,2020-07-29 14:40:47,346.42,21,28,0,100,2020-07-30 12:59:42,6D154BBD,Poland,,Unemployed (and job seeking),Polish,"Polish, English",Poland,Male,Yes
5f2188eb58c81f557daef338,5b2a47158ecf3f000161e931,APPROVED,2020-07-29 14:34:20,2020-07-29 14:40:43,383.126,28,93,0,100,2020-07-30 12:59:44,6D154BBD,Kazakhstan,Germany,Other,German,"Russian, English, Japanese, German",Germany,Male,Yes
5f2188eb5bf8e05493fcc51b,5efada4ccb96bd92cf3a58f5,APPROVED,2020-07-29 14:34:23,2020-07-29 14:38:52,268.981,53,27,0,100,2020-07-30 12:59:45,6D154BBD,Singapore,United Kingdom,"Not in paid work (e.g. homemaker', 'retired or disabled)",English,English,United Kingdom,Male,No
5f2188ec2bb1ec0918ffdcba,5e8783c0890e930b54f7d348,APPROVED,2020-07-29 14:34:46,2020-07-29 14:42:42,475.609,19,90,1,100,2020-07-30 12:59:50,6D154BBD,Italy,Italy,Unemployed (and job seeking),Italian,"English, French, German, Italian, Spanish",Italy,Female,Yes
5f2188ec32e8ae55df771881,5c3e012952f38e0001331e40,APPROVED,2020-07-29 14:34:24,2020-07-29 14:37:05,161.274,36,264,0,100,2020-07-30 13:05:13,6D154BBD,United States,United States,Full-Time,English,English,United States,Female,No
5f2188ec6cdf010ceea60808,5edfc23a21501a2d508cdf6f,APPROVED,2020-07-29 14:34:29,2020-07-29 14:39:03,273.924,24,33,0,100,2020-07-30 12:59:51,6D154BBD,United Kingdom,United Kingdom,Full-Time,English,English,United Kingdom,Male,No
5f2188ecfccd21551aee3cdf,5a7fab56f49c9a0001f3549e,APPROVED,2020-07-29 14:34:23,2020-07-29 14:41:52,448.24,27,551,10,98,2020-07-30 12:59:54,6D154BBD,Germany,Germany,Full-Time,German,"English, German, Spanish, Dutch",Germany,Male,No
5f2188ec72c1fd5522816fe6,5c522508fcbef20001939a03,APPROVED,2020-07-29 14:34:21,2020-07-29 14:40:38,377.581,24,243,1,100,2020-07-30 12:59:53,6D154BBD,France,Portugal,Full-Time,Portuguese,"English, French, Italian, Portuguese, Spanish, German, Galician",Portugal,Female,Yes
5f2188edd71bef335c60ce38,5f12248b4d4d4f14230714e7,APPROVED,2020-07-29 14:34:24,2020-07-29 14:37:09,165.199,36,6,0,100,2020-07-30 13:05:14,6D154BBD,United Kingdom,United Kingdom,Part-Time,English,"French, English",United Kingdom,Female,No
5f2188ed07639608f1346e78,5ece064a75736a193990951a,APPROVED,2020-07-29 14:34:28,2020-07-29 14:39:19,291.508,31,31,0,100,2020-07-30 12:59:56,6D154BBD,Poland,Poland,"Not in paid work (e.g. homemaker', 'retired or disabled)",English,"English, Polish",Poland,Female,Yes
5f2188ee8f52b80976add5f5,5c8541b79c5a3000016b2597,APPROVED,2020-07-29 14:34:33,2020-07-29 14:43:46,552.253,47,260,3,99,2020-07-30 13:00:03,6D154BBD,Germany,United States,Full-Time,English,English,United States,Male,No
5f2188ee50f36a3f70b0ec61,5edbe8bede51ce095464a4a6,APPROVED,2020-07-29 14:34:22,2020-07-29 14:38:06,223.955,21,60,0,100,2020-07-30 12:59:59,6D154BBD,United Kingdom,United Kingdom,Other,English,"Chinese, English",United Kingdom,Male,Yes
5f2188ee8e9f0756265b3bfa,5eff425e122196491e024bc4,APPROVED,2020-07-29 14:34:23,2020-07-29 14:41:18,415.487,31,24,0,100,2020-07-30 13:00:00,6D154BBD,United Kingdom,United Kingdom,Full-Time,English,English,United Kingdom,Female,Yes
5f2188ee23cea4555bee97d1,5e175705cfe8dc000b559793,APPROVED,2020-07-29 14:34:27,2020-07-29 14:43:31,544.025,42,425,2,100,2020-07-30 12:59:57,6D154BBD,United States,United States,Full-Time,English,English,United States,Male,No
5f2188eec40683336ed922c8,5eea42003e537f10bc27959d,APPROVED,2020-07-29 14:34:23,2020-07-29 14:39:57,334.328,18,17,0,100,2020-07-30 13:00:05,6D154BBD,Poland,Poland,Other,Polish,"English, Polish, German",Poland,Male,Yes
5f2188ef50dd2f0c65f66770,5c80b4b9948f9c00017b40a6,APPROVED,2020-07-29 14:34:23,2020-07-29 14:43:44,560.949,40,226,7,96,2020-07-30 13:00:08,6D154BBD,Poland,Poland,Full-Time,English,English,Poland,Male,No
5f2188ef26b2530992835ae1,5bdb75822562330001b8ae03,APPROVED,2020-07-29 14:34:25,2020-07-29 14:39:15,289.849,38,465,6,99,2020-07-30 13:00:06,6D154BBD,Nigeria,United Kingdom,Full-Time,English,English,United Kingdom,Female,No
5f2188ef85cf9c559d1e35b0,5d7a04666100d100012528c9,APPROVED,2020-07-29 14:34:27,2020-07-29 14:38:01,214.31,34,218,10,94,2020-07-30 13:00:10,6D154BBD,United Kingdom,United Kingdom,Unemployed (and job seeking),English,English,United Kingdom,Female,No
5f2188f2c43a3f0b3f5dbc28,5e6767aeb30329000abc2b0b,APPROVED,2020-07-29 14:34:27,2020-07-29 14:39:24,296.99,20,53,1,100,2020-07-30 13:00:14,6D154BBD,Poland,Poland,Unemployed (and job seeking),Polish,"Polish, English",Poland,Male,No
5f2188f2a6dae455d7bb06eb,5e0ea41b4acfb95ea854b983,APPROVED,2020-07-29 14:34:39,2020-07-29 14:38:39,239.955,19,103,0,100,2020-07-30 13:00:13,6D154BBD,United States,United States,Due to start a new job within the next month,English,English,United States,Female,Yes
5f2188f28fd66c553b728644,55c333b0fdf99b1dbd2131bd,APPROVED,2020-07-29 14:34:27,2020-07-29 14:43:25,537.661,23,343,4,100,2020-07-30 13:00:11,6D154BBD,Czech Republic,Czech Republic,"Not in paid work (e.g. homemaker', 'retired or disabled)",Czech,"English, Czech, Slovak",Czech Republic,Male,No
5f2188f99a2f5f089b551f24,5df51aaedf98d93923d5304f,APPROVED,2020-07-29 14:34:33,2020-07-29 14:46:52,738.551,28,115,0,100,2020-07-30 13:00:21,6D154BBD,Poland,Poland,Unemployed (and job seeking),Polish,"English, Polish",Poland,Male,Yes
5f2188f9b4127d0968071d7e,5f18ee0732d20512e02103c3,APPROVED,2020-07-29 14:34:33,2020-07-29 14:38:26,232.778,30,24,0,100,2020-07-30 13:00:23,6D154BBD,United States,United States,Part-Time,English,English,United States,Female,No
5f2188f9497628095ce9a556,5c940c78e2d9fb0001386eb0,APPROVED,2020-07-29 14:41:01,2020-07-29 14:46:27,325.701,43,251,4,98,2020-07-30 13:00:16,6D154BBD,United Kingdom,United Kingdom,"Not in paid work (e.g. homemaker', 'retired or disabled)",English,English,United Kingdom,Female,No
5f2188f98279410beea05503,5dbc680db65c99211327661b,APPROVED,2020-07-29 14:34:56,2020-07-29 14:41:16,379.944,32,200,2,100,2020-07-30 13:00:18,6D154BBD,United States,United States,Full-Time,English,English,United States,Male,No
5f2188f958c81f55f2901e5a,5f0f1c7ff1db6e0683cda086,APPROVED,2020-07-29 14:34:34,2020-07-29 14:42:20,465.813,23,9,0,100,2020-07-30 13:00:17,6D154BBD,India,Canada,Unemployed (and job seeking),English,"English, Hindi, Gujarati",India,Male,Yes
5f218900ebb8a9561a3c1aea,5ef945aa4ffead6e3ea69289,APPROVED,2020-07-29 14:34:40,2020-07-29 14:38:35,234.673,28,14,0,100,2020-07-30 13:00:29,6D154BBD,Portugal,Portugal,Unemployed (and job seeking),Portuguese,"English, Portuguese",Portugal,Male,No
5f218900d894165553c5a81f,5e2deb68e97bec3cf9118ad0,APPROVED,2020-07-29 14:34:41,2020-07-29 14:40:18,337.029,20,70,1,100,2020-07-30 13:00:26,6D154BBD,Poland,Poland,Other,Polish,"Polish, English",Poland,Male,Yes
5f218900bd767e09b6b0d953,5dc94678880a2965965fc001,APPROVED,2020-07-29 14:34:41,2020-07-29 14:39:23,282.452,22,105,2,99,2020-07-30 13:00:25,6D154BBD,Portugal,Italy,Full-Time,Portuguese,"Italian, Portuguese, Spanish, English",Portugal,Male,No
5f218900ea65e60c2a32efdb,5f0e53273571b70008aba3c4,APPROVED,2020-07-29 14:34:41,2020-07-29 14:47:36,775.094,19,13,0,100,2020-07-30 13:00:28,6D154BBD,United Kingdom,United Kingdom,Part-Time,English,English,United Kingdom,Female,Yes
5f218907027b2854ff68189f,5e70bc96e121de000b95c20e,APPROVED,2020-07-29 14:34:53,2020-07-29 14:50:27,934.098,25,76,0,100,2020-07-30 13:00:30,6D154BBD,Greece,Greece,Part-Time,Greek,"English, Greek, French",Greece,Female,Yes
5f21890738fd76557fcfa994,5b1386089663ee0001461b6e,APPROVED,2020-07-29 14:34:48,2020-07-29 14:42:35,467.142,46,744,3,100,2020-07-30 13:00:32,6D154BBD,United Kingdom,United Kingdom,Full-Time,English,English,United Kingdom,Male,No
5f2189088309a154bc043537,5e75e37c0a52831469c2eb53,APPROVED,2020-07-29 14:34:52,2020-07-29 14:38:58,245.82,26,53,0,100,2020-07-30 13:00:33,6D154BBD,Lithuania,Spain,Full-Time,Lithuanian,"Lithuanian, English",Lithuania,Male,No
5f218931456c965667142bf5,5b9d6deeb5662700015e98dd,APPROVED,2020-07-29 14:35:37,2020-07-29 14:50:33,895.685,38,238,3,100,2020-07-30 13:00:34,6D154BBD,Poland,Poland,Full-Time,Polish,"German, Polish, English",Poland,Female,No